amostra;tempo_s;temperatura_referencia_C;resistencia_ohm
1;0;60;1232769,00
2;2;60;1232852,00
3;4;60;12327703,00
4;6;60;12328297,00
5;8;60;12327813,00
6;10;60;12327324,00
7;12;60;12326897,00
8;14;60;1232781,00
9;16;60;12327143,00
10;18;60;12327115,00
11;20;60;12328722,00
12;22;60;12328034,00
13;24;60;12328025,00
14;26;60;12326719,00
15;28;60;12327351,00
16;30;60;12326314,00
17;32;60;12327413,00
18;34;60;12327619,00
19;36;60;12326937,00
20;38;60;12326017,00
21;40;60;12328137,00
22;42;60;12326059,00
23;44;60;12326983,00
24;46;60;12328185,00
25;48;60;12328668,00
26;50;60;12327946,00
27;52;60;12325669,00
28;54;60;1232659,00
29;56;60;12328127,00
30;58;60;12329189,00
31;60;60;12326294,00
32;62;60;12326313,00
33;64;60;12328131,00
34;66;60;12327223,00
35;68;60;12327535,00
36;70;60;12327786,00
37;72;60;12338595,00
38;74;60;12326952,00
39;76;60;1232628,00
40;78;60;12326255,00
41;80;60;1232854,00
42;82;60;12327565,00
43;84;60;12326613,00
44;86;60;12326792,00
45;88;60;12325447,00
46;90;60;12327856,00
47;92;60;12327532,00
48;94;60;12329289,00
49;96;60;12327846,00
50;98;60;12328337,00
51;100;60;12327665,00
52;102;60;12327591,00
53;104;60;12325959,00
54;106;60;12325985,00
55;108;60;12326648,00
56;110;60;12327691,00
57;112;60;12325849,00
58;114;60;12327537,00
59;116;60;12328575,00
60;118;60;12327974,00
61;120;60;12328072,00
62;122;60;12330017,00
63;124;60;12327083,00
64;126;60;12328206,00
65;128;60;1232911,00
66;130;60;12326703,00
67;132;60;12327543,00
68;134;60;12327709,00
69;136;60;12327916,00
70;138;60;12326722,00
71;140;60;12327945,00
72;142;60;12328036,00
73;144;60;12328083,00
74;146;60;12327596,00
75;148;60;12326023,00
76;150;60;12326528,00
77;152;60;12326982,00
78;154;60;12326605,00
79;156;60;1232563,00
80;158;60;12327122,00
81;160;60;12327808,00
82;162;60;12327238,00
83;164;60;12326799,00
84;166;60;12326483,00
85;168;60;1232688,00
86;170;60;12326327,00
87;172;60;1232844,00
88;174;60;12329154,00
89;176;60;12327729,00
90;178;60;12326909,00
91;180;60;1231778,00
92;182;60;12330116,00
93;184;60;12326623,00
94;186;60;12326402,00
95;188;60;12329086,00
96;190;60;12327574,00
97;192;60;12327769,00
98;194;60;12327584,00
99;196;60;12326403,00
100;198;60;12326884,00
101;200;60;12328365,00
102;202;60;12327973,00
103;204;60;12327273,00
104;206;60;12325513,00
105;208;60;12327796,00
106;210;60;12326938,00
107;212;60;12327953,00
108;214;60;1232885,00
109;216;60;12326642,00
110;218;60;12329906,00
111;220;60;12325918,00
112;222;60;1232635,00
113;224;60;1233022,00
114;226;60;123288,00
115;228;60;1232767,00
116;230;60;1232689,00
117;232;60;12326636,00
118;234;60;12327762,00
119;236;60;12328318,00
120;238;60;12326196,00
