amostra;sentido;temperatura_referencia_C;repeticao;resistencia_ohm
1;aquecimento;0;1;10003667,00
2;aquecimento;0;2;1000207,00
3;aquecimento;0;3;10002807,00
4;aquecimento;0;4;10001353,00
5;aquecimento;0;5;10002495,00
6;aquecimento;5;1;10197885,00
7;aquecimento;5;2;1019708,00
8;aquecimento;5;3;10196861,00
9;aquecimento;5;4;10196472,00
10;aquecimento;5;5;10197435,00
11;aquecimento;10;1;10391315,00
12;aquecimento;10;2;10391024,00
13;aquecimento;10;3;10393658,00
14;aquecimento;10;4;10391305,00
15;aquecimento;10;5;10391519,00
16;aquecimento;15;1;10586882,00
17;aquecimento;15;2;10587156,00
18;aquecimento;15;3;10586863,00
19;aquecimento;15;4;10586852,00
20;aquecimento;15;5;10586411,00
21;aquecimento;20;1;10780453,00
22;aquecimento;20;2;10781648,00
23;aquecimento;20;3;10781043,00
24;aquecimento;20;4;10780733,00
25;aquecimento;20;5;10780167,00
26;aquecimento;25;1;10975291,00
27;aquecimento;25;2;10974259,00
28;aquecimento;25;3;10975123,00
29;aquecimento;25;4;10973248,00
30;aquecimento;25;5;10975655,00
31;aquecimento;30;1;11166648,00
32;aquecimento;30;2;1116964,00
33;aquecimento;30;3;11168629,00
34;aquecimento;30;4;11170224,00
35;aquecimento;30;5;11167978,00
36;aquecimento;35;1;11362007,00
37;aquecimento;35;2;11361775,00
38;aquecimento;35;3;11361499,00
39;aquecimento;35;4;11362788,00
40;aquecimento;35;5;11362751,00
41;aquecimento;40;1;11556176,00
42;aquecimento;40;2;11556741,00
43;aquecimento;40;3;11554747,00
44;aquecimento;40;4;1155513,00
45;aquecimento;40;5;11556228,00
46;aquecimento;45;1;11747435,00
47;aquecimento;45;2;11747134,00
48;aquecimento;45;3;1174855,00
49;aquecimento;45;4;11749166,00
50;aquecimento;45;5;11748155,00
51;aquecimento;50;1;11941347,00
52;aquecimento;50;2;11941356,00
53;aquecimento;50;3;11941828,00
54;aquecimento;50;4;11941128,00
55;aquecimento;50;5;11940299,00
56;aquecimento;55;1;12134127,00
57;aquecimento;55;2;12134965,00
58;aquecimento;55;3;1213292,00
59;aquecimento;55;4;12131984,00
60;aquecimento;55;5;12133521,00
61;aquecimento;60;1;12325673,00
62;aquecimento;60;2;12324747,00
63;aquecimento;60;3;12326613,00
64;aquecimento;60;4;12325029,00
65;aquecimento;60;5;12325995,00
66;aquecimento;65;1;12516719,00
67;aquecimento;65;2;1251851,00
68;aquecimento;65;3;12517353,00
69;aquecimento;65;4;12517043,00
70;aquecimento;65;5;12516631,00
71;aquecimento;70;1;12708183,00
72;aquecimento;70;2;12709708,00
73;aquecimento;70;3;12708371,00
74;aquecimento;70;4;12707973,00
75;aquecimento;70;5;12709271,00
76;aquecimento;75;1;12899816,00
77;aquecimento;75;2;12900328,00
78;aquecimento;75;3;12900169,00
79;aquecimento;75;4;12900241,00
80;aquecimento;75;5;12901498,00
81;aquecimento;80;1;13090477,00
82;aquecimento;80;2;13089827,00
83;aquecimento;80;3;13091389,00
84;aquecimento;80;4;1309146,00
85;aquecimento;80;5;1309058,00
86;aquecimento;85;1;13281169,00
87;aquecimento;85;2;13280602,00
88;aquecimento;85;3;13280154,00
89;aquecimento;85;4;13280885,00
90;aquecimento;85;5;13280511,00
91;aquecimento;90;1;13471831,00
92;aquecimento;90;2;13472694,00
93;aquecimento;90;3;13471277,00
94;aquecimento;90;4;13471471,00
95;aquecimento;90;5;13471686,00
96;aquecimento;95;1;13659917,00
97;aquecimento;95;2;13661368,00
98;aquecimento;95;3;13661576,00
99;aquecimento;95;4;13661594,00
100;aquecimento;95;5;13661729,00
101;aquecimento;100;1;13851387,00
102;aquecimento;100;2;13850618,00
103;aquecimento;100;3;13850586,00
104;aquecimento;100;4;13851587,00
105;aquecimento;100;5;13851918,00
106;resfriamento;100;1;13856873,00
107;resfriamento;100;2;13857035,00
108;resfriamento;100;3;13857027,00
109;resfriamento;100;4;13856645,00
110;resfriamento;100;5;13857577,00
111;resfriamento;95;1;13667605,00
112;resfriamento;95;2;13669786,00
113;resfriamento;95;3;13667206,00
114;resfriamento;95;4;13667738,00
115;resfriamento;95;5;13665806,00
116;resfriamento;90;1;13477605,00
117;resfriamento;90;2;13477906,00
118;resfriamento;90;3;13477665,00
119;resfriamento;90;4;13478182,00
120;resfriamento;90;5;13477054,00
121;resfriamento;85;1;13286625,00
122;resfriamento;85;2;13288101,00
123;resfriamento;85;3;13286104,00
124;resfriamento;85;4;13286922,00
125;resfriamento;85;5;13286116,00
126;resfriamento;80;1;13096216,00
127;resfriamento;80;2;13096837,00
128;resfriamento;80;3;1309595,00
129;resfriamento;80;4;1309692,00
130;resfriamento;80;5;13095949,00
131;resfriamento;75;1;12904397,00
132;resfriamento;75;2;12904442,00
133;resfriamento;75;3;12904131,00
134;resfriamento;75;4;12904398,00
135;resfriamento;75;5;12905053,00
136;resfriamento;70;1;12712845,00
137;resfriamento;70;2;12713847,00
138;resfriamento;70;3;12713572,00
139;resfriamento;70;4;12712179,00
140;resfriamento;70;5;12714818,00
141;resfriamento;65;1;12523068,00
142;resfriamento;65;2;12520755,00
143;resfriamento;65;3;12521458,00
144;resfriamento;65;4;12521582,00
145;resfriamento;65;5;12521754,00
146;resfriamento;60;1;12330407,00
147;resfriamento;60;2;12329128,00
148;resfriamento;60;3;12330862,00
149;resfriamento;60;4;12330096,00
150;resfriamento;60;5;12329737,00
151;resfriamento;55;1;12136784,00
152;resfriamento;55;2;1213753,00
153;resfriamento;55;3;12139086,00
154;resfriamento;55;4;12136373,00
155;resfriamento;55;5;12136002,00
156;resfriamento;50;1;11945809,00
157;resfriamento;50;2;11945447,00
158;resfriamento;50;3;11944895,00
159;resfriamento;50;4;1194503,00
160;resfriamento;50;5;11945892,00
161;resfriamento;45;1;11752952,00
162;resfriamento;45;2;11752574,00
163;resfriamento;45;3;11751253,00
164;resfriamento;45;4;11752725,00
165;resfriamento;45;5;11751633,00
166;resfriamento;40;1;11556608,00
167;resfriamento;40;2;11558025,00
168;resfriamento;40;3;1155884,00
169;resfriamento;40;4;11558589,00
170;resfriamento;40;5;11557508,00
171;resfriamento;35;1;11365763,00
172;resfriamento;35;2;11365448,00
173;resfriamento;35;3;11366162,00
174;resfriamento;35;4;1136654,00
175;resfriamento;35;5;11365775,00
176;resfriamento;30;1;11171895,00
177;resfriamento;30;2;11170871,00
178;resfriamento;30;3;11171815,00
179;resfriamento;30;4;11171331,00
180;resfriamento;30;5;11170623,00
181;resfriamento;25;1;10978251,00
182;resfriamento;25;2;10978105,00
183;resfriamento;25;3;10977153,00
184;resfriamento;25;4;10977816,00
185;resfriamento;25;5;10979257,00
186;resfriamento;20;1;10784656,00
187;resfriamento;20;2;10784516,00
188;resfriamento;20;3;10782796,00
189;resfriamento;20;4;10782842,00
190;resfriamento;20;5;10783673,00
191;resfriamento;15;1;1058754,00
192;resfriamento;15;2;10590114,00
193;resfriamento;15;3;10589629,00
194;resfriamento;15;4;1059015,00
195;resfriamento;15;5;1058891,00
196;resfriamento;10;1;10393874,00
197;resfriamento;10;2;10393901,00
198;resfriamento;10;3;10393617,00
199;resfriamento;10;4;10393743,00
200;resfriamento;10;5;10395557,00
201;resfriamento;5;1;10199199,00
202;resfriamento;5;2;10199611,00
203;resfriamento;5;3;10199826,00
204;resfriamento;5;4;10198987,00
205;resfriamento;5;5;10198463,00
206;resfriamento;0;1;10003658,00
207;resfriamento;0;2;10004216,00
208;resfriamento;0;3;10003964,00
209;resfriamento;0;4;10002854,00
210;resfriamento;0;5;10003666,00
